{"cameraMode":{"drawMode":0,"name":"Shaded","section":"Shading Mode"},"sceneLighting":false,"audioPlay":false,"sceneViewState":{"m_AlwaysRefresh":false,"showFog":true,"showSkybox":true,"showFlares":true,"showImageEffects":true,"showParticleSystems":true,"showVisualEffectGraphs":true,"m_FxEnabled":true},"in2DMode":false,"pivot":{"x":0.4651549458503723,"y":0.6695265769958496,"z":-0.31223881244659426},"rotation":{"x":0.08377929776906967,"y":0.9099438190460205,"z":-0.22556346654891969,"w":0.3378402292728424},"size":12.25667953491211,"orthographic":true}