{"cameraMode":{"drawMode":0,"name":"Shaded","section":"Shading Mode"},"sceneLighting":false,"audioPlay":false,"sceneViewState":{"m_AlwaysRefresh":false,"showFog":true,"showSkybox":true,"showFlares":true,"showImageEffects":true,"showParticleSystems":true,"showVisualEffectGraphs":true,"m_FxEnabled":true},"in2DMode":false,"pivot":{"x":9.167525291442871,"y":66.15986633300781,"z":-36.142154693603519},"rotation":{"x":0.3507492244243622,"y":0.16287334263324738,"z":-0.06208738312125206,"w":0.9201104044914246},"size":26.313325881958009,"orthographic":true}