{"cameraMode":{"drawMode":0,"name":"Shaded","section":"Shading Mode"},"sceneLighting":false,"audioPlay":false,"sceneViewState":{"m_AlwaysRefresh":false,"showFog":true,"showSkybox":true,"showFlares":true,"showImageEffects":true,"showParticleSystems":true,"showVisualEffectGraphs":true,"m_FxEnabled":true},"in2DMode":false,"pivot":{"x":314.78765869140627,"y":233.17193603515626,"z":27.57557487487793},"rotation":{"x":0.02817934937775135,"y":-0.032381583005189899,"z":0.0009134129504673183,"w":0.9990800619125366},"size":301.99310302734377,"orthographic":true}