{"cameraMode":{"drawMode":0,"name":"Shaded","section":"Shading Mode"},"sceneLighting":false,"audioPlay":false,"sceneViewState":{"m_AlwaysRefresh":false,"showFog":true,"showSkybox":true,"showFlares":true,"showImageEffects":true,"showParticleSystems":true,"showVisualEffectGraphs":true,"m_FxEnabled":true},"in2DMode":false,"pivot":{"x":0.6591098308563232,"y":2.1922898292541506,"z":1.022800087928772},"rotation":{"x":0.17743700742721559,"y":0.037190139293670657,"z":-0.006724229548126459,"w":0.9834812879562378},"size":3.0159542560577394,"orthographic":true}