{"cameraMode":{"drawMode":0,"name":"Shaded","section":"Shading Mode"},"sceneLighting":false,"audioPlay":false,"sceneViewState":{"m_AlwaysRefresh":false,"showFog":true,"showSkybox":true,"showFlares":true,"showImageEffects":true,"showParticleSystems":true,"showVisualEffectGraphs":true,"m_FxEnabled":true},"in2DMode":false,"pivot":{"x":-0.025931259617209436,"y":2.055583953857422,"z":-8.254921913146973},"rotation":{"x":-0.005099841393530369,"y":-0.9223117828369141,"z":0.3862534761428833,"w":-0.012178759090602398},"size":5.5789408683776859,"orthographic":true}