{"cameraMode":{"drawMode":0,"name":"Shaded","section":"Shading Mode"},"sceneLighting":false,"audioPlay":false,"sceneViewState":{"m_AlwaysRefresh":false,"showFog":true,"showSkybox":true,"showFlares":true,"showImageEffects":true,"showParticleSystems":true,"showVisualEffectGraphs":true,"m_FxEnabled":true},"in2DMode":false,"pivot":{"x":2.3933944702148439,"y":5.429028034210205,"z":-8.210258483886719},"rotation":{"x":0.31342899799346926,"y":-0.023357076570391656,"z":0.007715877145528793,"w":0.9493046998977661},"size":10.984770774841309,"orthographic":true}