{"cameraMode":{"drawMode":0,"name":"Shaded","section":"Shading Mode"},"sceneLighting":false,"audioPlay":false,"sceneViewState":{"m_AlwaysRefresh":false,"showFog":true,"showSkybox":true,"showFlares":true,"showImageEffects":true,"showParticleSystems":true,"showVisualEffectGraphs":true,"m_FxEnabled":false},"in2DMode":false,"pivot":{"x":829.9435424804688,"y":-48.341514587402347,"z":14.74896240234375},"rotation":{"x":0.006728919222950935,"y":0.9903035759925842,"z":-0.05174963176250458,"w":0.12876570224761964},"size":485.5450134277344,"orthographic":false}