{"cameraMode":{"drawMode":0,"name":"Shaded","section":"Shading Mode"},"sceneLighting":false,"audioPlay":false,"sceneViewState":{"m_AlwaysRefresh":false,"showFog":true,"showSkybox":true,"showFlares":true,"showImageEffects":true,"showParticleSystems":true,"showVisualEffectGraphs":true,"m_FxEnabled":true},"in2DMode":false,"pivot":{"x":0.1497524082660675,"y":35.06476593017578,"z":-12.739014625549317},"rotation":{"x":0.5534581542015076,"y":0.003501776373013854,"z":-0.002318244194611907,"w":0.8328976631164551},"size":13.394367218017579,"orthographic":true}