{"cameraMode":{"drawMode":0,"name":"Shaded","section":"Shading Mode"},"sceneLighting":false,"audioPlay":false,"sceneViewState":{"m_AlwaysRefresh":false,"showFog":true,"showSkybox":true,"showFlares":true,"showImageEffects":true,"showParticleSystems":true,"showVisualEffectGraphs":true,"m_FxEnabled":true},"in2DMode":false,"pivot":{"x":-1.6581562757492066,"y":3.3600564002990724,"z":-0.9322788715362549},"rotation":{"x":0.28949177265167239,"y":0.00402024993672967,"z":-0.0012158286990597845,"w":0.9571722149848938},"size":23.545513153076173,"orthographic":true}