{"cameraMode":{"drawMode":0,"name":"Shaded","section":"Shading Mode"},"sceneLighting":true,"audioPlay":false,"sceneViewState":{"m_AlwaysRefresh":false,"showFog":true,"showSkybox":true,"showFlares":true,"showImageEffects":true,"showParticleSystems":true,"showVisualEffectGraphs":true,"m_FxEnabled":true},"in2DMode":false,"pivot":{"x":-2664.724609375,"y":-55.11509704589844,"z":-1492.2703857421875},"rotation":{"x":-0.35172951221466067,"y":0.0008521189447492361,"z":-0.00032241546432487667,"w":-0.9361253976821899},"size":1510.982177734375,"orthographic":false}