{"cameraMode":{"drawMode":0,"name":"Shaded","section":"Shading Mode"},"sceneLighting":false,"audioPlay":false,"sceneViewState":{"m_AlwaysRefresh":false,"showFog":true,"showSkybox":true,"showFlares":true,"showImageEffects":true,"showParticleSystems":true,"showVisualEffectGraphs":true,"m_FxEnabled":true},"in2DMode":false,"pivot":{"x":0.6591098308563232,"y":2.1922898292541506,"z":1.022800087928772},"rotation":{"x":0.6953911781311035,"y":0.0021440491545945408,"z":-0.0020976243540644647,"w":0.7187266945838928},"size":12.912212371826172,"orthographic":true}