{"cameraMode":{"drawMode":0,"name":"Shaded","section":"Shading Mode"},"sceneLighting":false,"audioPlay":false,"sceneViewState":{"m_AlwaysRefresh":false,"showFog":true,"showSkybox":true,"showFlares":true,"showImageEffects":true,"showParticleSystems":true,"showVisualEffectGraphs":true,"m_FxEnabled":true},"in2DMode":false,"pivot":{"x":0.03571685031056404,"y":2.5995187759399416,"z":1.0960904359817505},"rotation":{"x":0.2555276155471802,"y":-0.06086784973740578,"z":0.016110869124531747,"w":0.9648298025131226},"size":5.490208148956299,"orthographic":true}