{"cameraMode":{"drawMode":0,"name":"Shaded","section":"Shading Mode"},"sceneLighting":false,"audioPlay":false,"sceneViewState":{"m_AlwaysRefresh":false,"showFog":true,"showSkybox":true,"showFlares":true,"showImageEffects":true,"showParticleSystems":true,"showVisualEffectGraphs":true,"m_FxEnabled":true},"in2DMode":false,"pivot":{"x":-1.6581562757492066,"y":3.3600564002990724,"z":-0.9322788715362549},"rotation":{"x":0.30902060866355898,"y":0.3351195752620697,"z":-0.11737585812807083,"w":0.8822838068008423},"size":16.23122787475586,"orthographic":true}