{"cameraMode":{"drawMode":0,"name":"Shaded","section":"Shading Mode"},"sceneLighting":false,"audioPlay":false,"sceneViewState":{"m_AlwaysRefresh":false,"showFog":true,"showSkybox":true,"showFlares":true,"showImageEffects":true,"showParticleSystems":true,"showVisualEffectGraphs":true,"m_FxEnabled":true},"in2DMode":false,"pivot":{"x":3.792843818664551,"y":7.224475860595703,"z":-4.287558078765869},"rotation":{"x":0.5494579076766968,"y":0.007503286469727755,"z":-0.004970731679350138,"w":0.8355521559715271},"size":25.123079299926759,"orthographic":true}