{"cameraMode":{"drawMode":0,"name":"Shaded","section":"Shading Mode"},"sceneLighting":false,"audioPlay":false,"sceneViewState":{"m_AlwaysRefresh":false,"showFog":true,"showSkybox":false,"showFlares":true,"showImageEffects":true,"showParticleSystems":true,"showVisualEffectGraphs":true,"m_FxEnabled":true},"in2DMode":false,"pivot":{"x":16.92741584777832,"y":0.8999996185302734,"z":-11.562000274658204},"rotation":{"x":0.38765424489974978,"y":-0.013835566118359566,"z":0.005798608064651489,"w":0.9217727184295654},"size":4.849742412567139,"orthographic":true}