{"cameraMode":{"drawMode":0,"name":"Shaded","section":"Shading Mode"},"sceneLighting":false,"audioPlay":false,"sceneViewState":{"m_AlwaysRefresh":false,"showFog":true,"showSkybox":false,"showFlares":true,"showImageEffects":true,"showParticleSystems":true,"showVisualEffectGraphs":true,"m_FxEnabled":true},"in2DMode":false,"pivot":{"x":-0.04000000283122063,"y":0.017000000923871995,"z":0.041999995708465579},"rotation":{"x":-0.02350798435509205,"y":0.9764313101768494,"z":-0.15778574347496034,"w":-0.1454748511314392},"size":0.12146434932947159,"orthographic":false}