{"cameraMode":{"drawMode":0,"name":"Shaded","section":"Shading Mode"},"sceneLighting":false,"audioPlay":false,"sceneViewState":{"m_AlwaysRefresh":false,"showFog":true,"showSkybox":false,"showFlares":true,"showImageEffects":true,"showParticleSystems":true,"showVisualEffectGraphs":true,"m_FxEnabled":true},"in2DMode":false,"pivot":{"x":5.433223724365234,"y":0.9000370502471924,"z":-2.1807045936584474},"rotation":{"x":0.31342899799346926,"y":-0.023357076570391656,"z":0.007715877145528793,"w":0.9493046998977661},"size":3.182079315185547,"orthographic":true}