{"cameraMode":{"drawMode":0,"name":"Shaded","section":"Shading Mode"},"sceneLighting":false,"audioPlay":false,"sceneViewState":{"m_AlwaysRefresh":false,"showFog":true,"showSkybox":false,"showFlares":true,"showImageEffects":true,"showParticleSystems":true,"showVisualEffectGraphs":true,"m_FxEnabled":true},"in2DMode":false,"pivot":{"x":0.4612729549407959,"y":0.9715691804885864,"z":-15.389076232910157},"rotation":{"x":0.16218167543411256,"y":-0.004143876489251852,"z":0.000687941734213382,"w":0.986775815486908},"size":0.12845297157764436,"orthographic":true}