{"cameraMode":{"drawMode":0,"name":"Shaded","section":"Shading Mode"},"sceneLighting":false,"audioPlay":false,"sceneViewState":{"m_AlwaysRefresh":false,"showFog":true,"showSkybox":false,"showFlares":true,"showImageEffects":true,"showParticleSystems":true,"showVisualEffectGraphs":true,"m_FxEnabled":true},"in2DMode":false,"pivot":{"x":0.060111284255981448,"y":1.170106053352356,"z":-0.03947526216506958},"rotation":{"x":-0.23609387874603272,"y":0.6085008382797241,"z":-0.19620417058467866,"w":-0.7318653464317322},"size":1.5895787477493287,"orthographic":true}