{"cameraMode":{"drawMode":0,"name":"Shaded","section":"Shading Mode"},"sceneLighting":false,"audioPlay":false,"sceneViewState":{"m_AlwaysRefresh":false,"showFog":true,"showSkybox":false,"showFlares":true,"showImageEffects":true,"showParticleSystems":true,"showVisualEffectGraphs":true,"m_FxEnabled":true},"in2DMode":false,"pivot":{"x":-8.561845779418946,"y":3.38425874710083,"z":1.609322428703308},"rotation":{"x":0.00005473227793117985,"y":0.8979719281196594,"z":-0.44042864441871645,"w":-0.0006592742865905166},"size":13.319524765014649,"orthographic":true}